{"verts":[-0.2500000476837158,-2.9802322387695314e-09,0.25000002384185793,0.2499999761581421,0.5,0.25000002384185793,-0.25000002384185793,0.5,0.25000002384185793,-0.2501410722732544,0.5000000476837159,-0.25,-0.25,-2.9802322387695314e-09,0.25000002384185793,-0.24985892772674562,0.5000000476837159,0.25000002384185793,0.25000002384185793,0.5000000476837159,0.25000002384185793,0.25,-2.9802322387695314e-09,-0.25,0.25,0.5,-0.25,-0.2500000476837158,0.5,0.25000002384185793,0.25,0.5,-0.25,-0.25000002384185793,0.5,-0.25,-0.2500000476837158,-2.9802322387695314e-09,0.25000002384185793,0.25000002384185793,-6.617444900424222e-24,0.25000002384185793,0.2499999761581421,0.5,0.25000002384185793,-0.2501410722732544,0.5000000476837159,-0.25,-0.24971785545349123,-2.9802322387695314e-09,-0.25,-0.25,-2.9802322387695314e-09,0.25000002384185793,0.25000002384185793,0.5000000476837159,0.25000002384185793,0.2499999523162842,-2.9802322387695314e-09,0.25000002384185793,0.25,-2.9802322387695314e-09,-0.25,-0.2500000476837158,0.5,0.25000002384185793,0.25,0.5,0.25000002384185793,0.25,0.5,-0.25],"normals":[0.0,0.0,1.0,0.0,0.0,1.0,0.0,0.0,1.0,-0.9999999403953552,-0.00028214440681040287,1.2969653129246694e-10,-0.9999998807907104,-0.0002821445814333856,-5.558421431461902e-11,-0.9999998211860657,0.0002821444650180638,0.0005642889882437885,1.0,-7.152555525635762e-08,2.3841858265427618e-08,1.0,-7.152557657263969e-08,2.3841868923568654e-08,1.0,0.0,-4.768370942542788e-08,0.0,1.0,-0.0,0.0,1.0,-0.0,0.0,1.0,-0.0,0.0,0.0,1.0,0.0,0.0,1.0,0.0,0.0,1.0,-0.9999999403953552,-0.00028214440681040287,1.2969653129246694e-10,-0.9999995231628418,-0.0008464331040158868,-0.0005642887554131448,-0.9999998807907104,-0.0002821445814333856,-5.558421431461902e-11,1.0,-7.152555525635762e-08,2.3841858265427618e-08,1.0,-1.4305113893442467e-07,9.536744016713783e-08,1.0,-7.152557657263969e-08,2.3841868923568654e-08,0.0,1.0,-0.0,0.0,1.0,-0.0,0.0,1.0,-0.0],"uvs":[0.0002,0.0001,0.7692,0.7696,0.0001,0.7696,0.0001,0.9999,0.9999,0.0001,0.9999,0.9999,0.0001,0.9999,0.9999,0.0001,0.9999,0.9999,0.0001,0.0001,0.9999,0.9999,0.0001,0.9999,0.0002,0.0001,0.7692,0.0024,0.7692,0.7696,0.0001,0.9999,0.0001,0.0001,0.9999,0.0001,0.0001,0.9999,0.0001,0.0001,0.9999,0.0001,0.0001,0.0001,0.9999,0.0001,0.9999,0.9999],"firstBoneIndexes":[0,0,0,0,0,0,0,0,0,0,0,0,0,0,0,0,0,0,0,0,0,0,0,0],"secondBoneIndexes":[1,1,1,1,1,1,1,1,1,1,1,1,1,1,1,1,1,1,1,1,1,1,1,1],"thirdBoneIndexes":[-1,-1,-1,-1,-1,-1,-1,-1,-1,-1,-1,-1,-1,-1,-1,-1,-1,-1,-1,-1,-1,-1,-1,-1],"fourthBoneIndexes":[-1,-1,-1,-1,-1,-1,-1,-1,-1,-1,-1,-1,-1,-1,-1,-1,-1,-1,-1,-1,-1,-1,-1,-1],"firstWeights":[0.8893013000488281,0.625490128993988,0.7573957443237305,0.5845423936843872,0.8309930562973022,0.5844825506210327,0.5844932794570923,0.8310133814811707,0.5844932794570923,0.4999999701976776,0.5,0.5,0.8893013000488281,0.8597182035446167,0.625490128993988,0.5845423936843872,0.8310688734054565,0.8309930562973022,0.5844932794570923,0.8310133814811707,0.8310133814811707,0.4999999701976776,0.4999999701976776,0.5],"secondWeights":[0.1106986328959465,0.3745098412036896,0.24260424077510834,0.4154576361179352,0.16900698840618134,0.4155174791812897,0.4155066907405853,0.16898660361766815,0.4155066907405853,0.4999999701976776,0.5,0.5,0.1106986328959465,0.14028175175189972,0.3745098412036896,0.4154576361179352,0.16893114149570465,0.16900698840618134,0.4155066907405853,0.16898658871650696,0.16898660361766815,0.4999999701976776,0.4999999701976776,0.5],"thirdWeights":[0,0,0,0,0,0,0,0,0,0,0,0,0,0,0,0,0,0,0,0,0,0,0,0],"fourthWeights":[0,0,0,0,0,0,0,0,0,0,0,0,0,0,0,0,0,0,0,0,0,0,0,0],"bones": [{ "name": "Bone" , "position": [0.0,0.0,-0.0], "parentBoneIndex": -1},{ "name": "Bone.001" , "position": [0.0,0.2,-0.0], "parentBoneIndex": 0},{ "name": "Bone.002" , "position": [0.0,0.4,4.4862107984045e-08], "parentBoneIndex": 1},{ "name": "Bone.003" , "position": [0.0,0.6000000000000001,1.422419018126675e-07], "parentBoneIndex": 2}]}