{"verts":[4.0,0.0,-0.0,2.384185791015625e-07,0.0,-0.10000044107437134,4.0,0.0,-0.10000002384185791,1.7881393432617188e-07,4.0,-0.10000008344650269,3.999999523162842,4.0,5.960464477539062e-07,4.000000476837158,4.0,-0.09999954700469971,4.000000476837158,4.0,-0.09999954700469971,4.0,0.0,-0.0,4.0,0.0,-0.10000002384185791,3.999999523162842,4.0,5.960464477539062e-07,-2.384185791015625e-07,0.0,-1.7881393432617188e-07,4.0,0.0,-0.0,-2.384185791015625e-07,4.0,-3.5762786865234375e-07,2.384185791015625e-07,0.0,-0.10000044107437134,-2.384185791015625e-07,0.0,-1.7881393432617188e-07,4.0,0.0,-0.10000002384185791,1.7881393432617188e-07,4.0,-0.10000008344650269,4.000000476837158,4.0,-0.09999954700469971,4.0,0.0,-0.0,-2.384185791015625e-07,0.0,-1.7881393432617188e-07,2.384185791015625e-07,0.0,-0.10000044107437134,1.7881393432617188e-07,4.0,-0.10000008344650269,-2.384185791015625e-07,4.0,-3.5762786865234375e-07,3.999999523162842,4.0,5.960464477539062e-07,4.000000476837158,4.0,-0.09999954700469971,3.999999523162842,4.0,5.960464477539062e-07,4.0,0.0,-0.0,3.999999523162842,4.0,5.960464477539062e-07,-2.384185791015625e-07,4.0,-3.5762786865234375e-07,-2.384185791015625e-07,0.0,-1.7881393432617188e-07,-2.384185791015625e-07,4.0,-3.5762786865234375e-07,1.7881393432617188e-07,4.0,-0.10000008344650269,2.384185791015625e-07,0.0,-0.10000044107437134,4.0,0.0,-0.10000002384185791,2.384185791015625e-07,0.0,-0.10000044107437134,1.7881393432617188e-07,4.0,-0.10000008344650269],"normals":[0.5773497819900513,-0.5773507952690125,0.5773501992225647,-0.5773483514785767,-0.5773509740829468,-0.5773515701293945,0.5773502588272095,-0.5773502588272095,-0.5773502588272095,-0.5773487091064453,0.5773508548736572,-0.5773512125015259,0.577346920967102,0.5773510932922363,0.5773527026176453,0.5773530006408691,0.5773499608039856,-0.5773477554321289,0.5773530006408691,0.5773499608039856,-0.5773477554321289,0.5773497819900513,-0.5773507952690125,0.5773501992225647,0.5773502588272095,-0.5773502588272095,-0.5773502588272095,0.577346920967102,0.5773510932922363,0.5773527026176453,-0.5773518085479736,-0.5773500204086304,0.5773490071296692,0.5773497819900513,-0.5773507952690125,0.5773501992225647,-0.5773513913154602,0.5773502588272095,0.5773492455482483,-0.5773483514785767,-0.5773509740829468,-0.5773515701293945,-0.5773518085479736,-0.5773500204086304,0.5773490071296692,0.5773502588272095,-0.5773502588272095,-0.5773502588272095,-0.5773487091064453,0.5773508548736572,-0.5773512125015259,0.5773530006408691,0.5773499608039856,-0.5773477554321289,0.5773497819900513,-0.5773507952690125,0.5773501992225647,-0.5773518085479736,-0.5773500204086304,0.5773490071296692,-0.5773483514785767,-0.5773509740829468,-0.5773515701293945,-0.5773487091064453,0.5773508548736572,-0.5773512125015259,-0.5773513913154602,0.5773502588272095,0.5773492455482483,0.577346920967102,0.5773510932922363,0.5773527026176453,0.5773530006408691,0.5773499608039856,-0.5773477554321289,0.577346920967102,0.5773510932922363,0.5773527026176453,0.5773497819900513,-0.5773507952690125,0.5773501992225647,0.577346920967102,0.5773510932922363,0.5773527026176453,-0.5773513913154602,0.5773502588272095,0.5773492455482483,-0.5773518085479736,-0.5773500204086304,0.5773490071296692,-0.5773513913154602,0.5773502588272095,0.5773492455482483,-0.5773487091064453,0.5773508548736572,-0.5773512125015259,-0.5773483514785767,-0.5773509740829468,-0.5773515701293945,0.5773502588272095,-0.5773502588272095,-0.5773502588272095,-0.5773483514785767,-0.5773509740829468,-0.5773515701293945,-0.5773487091064453,0.5773508548736572,-0.5773512125015259],"tangents":[-0.33333301544189453,0.3333336114883423,0.6666667461395264,-0.33333298563957214,-0.3333345055580139,0.666665256023407,0.3333333134651184,-0.3333333134651184,0.6666666269302368,-0.6666684150695801,-0.3333328366279602,0.333332896232605,-0.6666704416275024,0.3333319425582886,0.33333271741867065,-0.666663408279419,0.33333471417427063,-0.3333335220813751,-0.3333345949649811,0.6666668653488159,0.333331823348999,0.33333340287208557,0.6666660904884338,0.3333336412906647,0.33333343267440796,0.6666666269302368,-0.33333319425582886,-0.33333200216293335,0.6666656136512756,-0.33333510160446167,-0.3333341181278229,0.6666670441627502,0.33333250880241394,0.33333322405815125,0.6666660308837891,0.33333373069763184,0.33333393931388855,0.6666667461395264,-0.33333277702331543,-0.3333326280117035,0.6666659116744995,-0.3333345055580139,-0.3333341181278229,0.6666669845581055,0.3333324193954468,-0.33333343267440796,-0.6666666269302368,0.33333319425582886,-0.3333328068256378,-0.6666660308837891,-0.3333342373371124,0.3333345949649811,-0.6666668653488159,-0.333331823348999,-0.3333345949649811,0.3333328068256378,0.6666674613952637,0.3333318829536438,0.33333325386047363,0.6666673421859741,-0.3333345651626587,-0.33333370089530945,0.6666660308837891,-0.6666683554649353,-0.3333328664302826,0.3333328068256378,-0.6666655540466309,-0.3333338797092438,-0.3333335518836975,-0.6666703820228577,0.33333197236061096,0.3333326578140259,-0.3333347737789154,0.6666669845581055,0.33333173394203186,-0.33333200216293335,0.6666656136512756,-0.33333510160446167,0.33333322405815125,0.6666660308837891,0.33333373069763184,-0.3333318829536438,0.6666656136512756,-0.3333352208137512,0.33333393931388855,0.6666667461395264,-0.33333277702331543,-0.3333341181278229,0.6666669845581055,0.3333324193954468,0.3333339989185333,0.6666667461395264,-0.3333326578140259,0.33333274722099304,0.6666659712791443,0.3333342671394348,-0.3333326578140259,0.6666659116744995,-0.33333441615104675,-0.3333333432674408,-0.6666666269302368,0.33333325386047363,0.3333326578140259,-0.6666659116744995,0.33333441615104675,-0.33333274722099304,-0.6666659712791443,-0.3333342671394348],"bitangents":[-0.5773507952690125,-0.5773497819900513,0.0,-0.5773509740829468,0.5773483514785767,-0.0,-0.5773502588272095,-0.5773502588272095,0.0,-7.742877272676196e-08,0.5773511528968811,0.5773508548736572,-7.742880825389875e-08,-0.5773526430130005,0.5773510932922363,-7.742865193449688e-08,0.5773478150367737,0.5773499608039856,0.5773478150367737,-1.3765105677521206e-07,0.5773529410362244,-0.5773502588272095,4.973799150320701e-14,0.577349841594696,0.5773501992225647,-1.3765102835350262e-07,0.5773503184318542,-0.5773526430130005,-1.5485719018215605e-07,0.5773469805717468,-0.577349066734314,1.720675868455146e-08,-0.5773518681526184,-0.5773502588272095,-1.548573322907032e-07,0.5773497223854065,-0.5773492455482483,-2.5809619330630085e-08,-0.5773513913154602,0.5773515701293945,-2.580948255115345e-08,-0.5773483514785767,-0.5773490071296692,-2.580963709419848e-08,-0.5773518085479736,-0.5773501992225647,1.3765102835350262e-07,-0.5773503184318542,-0.5773512721061707,2.984279490192421e-13,0.5773487687110901,-0.5773478150367737,1.3765105677521206e-07,-0.5773529410362244,-0.5773507952690125,-0.5773511528968811,-1.3765080666416907e-06,-0.5773500204086304,0.5773504376411438,-1.3765061339654494e-06,-0.5773509740829468,0.5773497223854065,-1.3765084077022038e-06,-1.376511846729045e-07,0.5773510932922363,0.5773508548736572,-1.3765104256435734e-07,-0.5773493647575378,0.5773502588272095,-1.3765124151632335e-07,-0.5773525834083557,0.5773510932922363,0.5773478150367737,-1.720708553420991e-08,0.5773530602455139,-0.5773526430130005,-1.5485719018215605e-07,0.5773469805717468,-0.5773502588272095,-1.548573322907032e-07,0.5773497223854065,-0.5773527026176453,2.5809418602307233e-08,0.577346920967102,-0.5773492455482483,-2.5809619330630085e-08,-0.5773513913154602,-0.5773490071296692,-2.580963709419848e-08,-0.5773518085479736,-0.5773491859436035,4.301606537637781e-08,-0.5773513913154602,0.5773512721061707,6.02221987833218e-08,-0.5773487091064453,0.5773515105247498,6.022217746703973e-08,-0.5773483514785767,-0.5773501992225647,5.1619135632563484e-08,-0.5773502588272095,-0.5773515105247498,-5.16189651023069e-08,0.5773483514785767,-0.5773512721061707,-5.161899707673001e-08,0.5773487091064453],